9780471661740,ChE
9780072848236,ChE
9780470048955,ChE
9780470128671,ChE
9780072392661,ChE
9781478629054,ChE
9781932078756,ChE
9781118146927,ChE
9780198722595,ChE
9780521598866,ChE
9780471111764,ChE
9781451564945,ChE
9780133887518,ChE
9780131482128,ChE
9780073104454,ChE
9783319138091,ChE
9780070116825,ChE
9780199740284,ChE
9780470913475,ChE
9780444594976,ChE
9780521853514,ChE
9781429299060,Chemistry
9781464124389,Chemistry
9781429290197,Chemistry
9780935702996,Chemistry
9780935702439,Chemistry
9780073380193,Chemistry
9781891389535,Chemistry
9781891389313,Chemistry
9780387683461,Chemistry
9780387683546,Chemistry
9780124297852,Chemistry
9781891389153,Chemistry
9781405131421,Chemistry
9781891389313,Chemistry
9781891389368,Chemistry
9780849390685,Chemistry
9780124575516,Chemistry
9780387954684,Chemistry
9780470638040,Chemistry
9780849396816,Chemistry
9781107002173,CSE
9781886529052,CSE
9780262033848,CSE
9780387310732,CSE
9780198538646,CSE
9781593271442,CSE
9781593275648,CSE
9781494295509,CSE
9781540444967,CSE
9781541016361,CSE
9780262035613,CSE
9781530826605,CSE
9780120884780,CSE
9780470177075,CSE
9781461446989,CSE
9780321573513,CSE
9780123850591,CSE
9780985673529,CSE
9781934356456,CSE
9781848000698,CSE
9780133769401,CSE
9780262033848,CSE
9780471669517,CSE
9781107039032,CSE
9780131471399,CSE
9781461406815,CSE
978-1119943372
978-1891389351
978-0521602433
978-0127329512
978-0972903325
978-0195099041
978-1107463790
978-0231144940
978-1107480674
978-0415043199
978-1937548780
978-0120887590
978-0691143750
978-0691150284
978-0521128377
978-1107445833
978-1107065505
978-0387963877
978-1107654815
978-1107683860
978-1107641655
978-1107661820
978-0387951348
978-1611973532
9780199861224,ECE
9780471226932,ECE
9781891121807,ECE
9780470881323,ECE
9780470770108,ECE
9780130909961,ECE
9780470631553,ECE
9780470542958,ECE
9780521874144,ECE
9780072957167,ECE
9780134407623,ECE
9780138147570,ECE
9781466503038,ECE
9780133356038,ECE
9780199339136,ECE
9780133356816,ECE
9780750682763,ECE
9780073529592,ECE
9780131873742,ECE
9781118296127,ECE
9780792372707,ECE
9780125250962,ECE
9780471358329,ECE
9780486659572,ECE
9781118642061,ECE
9780123797513,ECE
9780133760637,ECE
9780078028229,ECE
9781558603431,ECE
9781478607830,ECE
9780123838728,ECE
9780124077263,ECE
9780195154559,ECE
9780521889957,ECE
9780471755005,ECE
9780521845274,ECE
9780130673893,ECE
9780123694706,ECE
9780470589489,ECE
9780521484916,ECE
9780133489798,ECE
9780071475457,ECE
9780136085928,ECE
9780073380650,ECE
9780131988422,ECE
9780136919902,ECE
9780935702118,ECE
9780521424264,ECE
9780123943910,ECE
9781558607354,ECE
9781860943492,ECE
9781891121524,ECE
9780132543354,ECE
9780465060733,Economics
9780691132921,Economics
9781429278409,Economics
9781429218870,Economics
9780073511375,Economics
9780195073409,Economics
9781305585126,Economics
9780691159638,Economics
9780140445688,Economics
9780140445695,Economics
9780140445701,Economics
9780465016150,Economics
9781614278122,Economics
9780307277787,FemLit
9780679724698,FemLit
9780394741550,FemLit
9780394751221,FemLit
9780393346787,FemLit
9781479802760,FemLit
9780745684499,FemLit
9781565842717,FemLit
9780415964722,FemLit
9780520246980,FemLit
9781612053035,FemLit
9780078027000,FemLit
9780465047925,FemLit
9780822349570,FemLit
9781483374956,FemLit
9781558619005,FemLit
9780415964722,FemLit
9781558612419,FemLit
9780813537054,FemPhilos
9780415931861,FemPhilos
9780748683437,FemPhilos
9780759109032,FemPhilos
9781138795921,FemPhilos
9780759122451,FemPhilos
9781442218727,FemPhilos
9780801493638,FemPhilos
9780801497469,FemPhilos
9780198751465,FemPhilos
9781402013195,FemPhilos
9781446209127,FemPhilos
9781412994972,FemPhilos
9780253204448,FemPhilos
9780415945011,FemPhilos
9780822349570,FemPhilos
9780415968201,FemPhilos
9780198788911,FH
9780198788607,FH
9780684824710,FH
9780316180665,FH
9781451683400,FH
9781439171226,FH
9781940051000,FH
9780307278777,FH
9780393327656,FH
9781451636024,FH
9780143038337,FH
9780393242072,FH
9780801857072,GR
9780312204075,GR
9780739104552,GR
9781400041275,GR
9780061807374,GR
9781849044646,GR
9781101984253,GR
9780393609394,GR
9780143038399,GR
9781107016378,GR
9780231049573,GR
9780691024097,GR
9780982800331,GR
9781476777610,GR
9781451624465,GR
9780193185135,GR
9780743215367,GR
9781400047635,GR
9780226468426,GR
9781605980171,GR
9781107038929,History
9781107034075,History
9781107039957,History
9781107602311,History
9781107602304,History
9781107602298,History
9781316601433,History
9781316504994,History
9781316504437,History
9780300169171,History
9781476782423,History
9780743243032,History
9781451651683,History
9780385479547,History
9780140437645,History
9780143035381,History
9780060838652,History
9780198763536,Law
9780674000780,Law
9780415878180,Law
9780804701549,Law
9781133942962,Law
9780195155129,Law
9780133591316,Law
9780199270972,Law
9781611637212,Law
9780769896250,Law
9781634604871,Law
9781454850052,Law
9780314927002,Law
9781634599320,Law
9781454833901,Law
9781422498606,Law
9781454868439,Law
9780314279965,Law
9781454833949,Law
9780314163417,Law
9780314278340,Law
9781454850151,Law
9781454804024,Law
9781454815556,Law
9780769864228,Law
9781628105490,Law
9780314278333,Law
9781454850045,Law
9781454816102,Law
9780314195401,Law
9781422490853,Law
9781454850168,Law
9781454809272,Law
9780314904577,Law
9781454837992,Law
9780314257239,Law
9781454833956,Law
9781628103557,Law
9781454850106,Law
9780769865102,Law
9780769857718,Law
9780314194961,Law
9781454815532,Law
9781609303303,Law
9781630431495,Law
9781634599146,Law
9781454815471,Law
9781454849476,Law
9781634596237,Law
9781454815488,Law
9780314285881,Law
9780769881904,Law
9781632828583,Law
9781634600170,Law
9781454864226,Law
9781454863922,Law
9781632838643,Law
9781454850069,Law
9781634599207,Law
9780769865102,Law
9781422498736,Law
9781454850113,Law
9781628105513,Law
9780769881904,Law
9780374532505,Law
9780316769488,Literature
9780451163967,Literature
9780679720201,Literature
9780679733737,Literature
9780060850524,Literature
9781451673319,Literature
9780156767507,Literature
9780451524935,Literature
9780451228147,Literature
9781522744603,Literature
9780679734512,Literature
9780374528379,Literature
9780141439518,Literature
9780140449266,Literature
9780140448955,Literature
9780140448962,Literature
9780140448979,Literature
9780142437230,Literature
9781640320352,Literature
9781580496728,Literature
9780375702242,Literature
9780140275360,Literature
9780140268867,Literature
9780141439495,Literature
9781451635621,Literature
9780199535729,Literature
9781463520717,Literature
9780812416961,Literature
9780060935474,Literature
9781461120407,Literature
9780451156600,Literature
9780451526342,Literature
9780140444254,Literature
9780140424393,Literature
9781402726002,Literature
9780201658590,Math
9780123846549,Math
9780195300574,Math
9780486682105,Math
9780486240619,Math
9780471241959,Math
9780252725463,Math
9781118554937,Math
9781439840955,Math
9780486462707,Math
9780252725487,Math
9780486604343,Math
9780521010849,Math
9780813349107,Math
9781305253667,Math
9780471433316,Math
9780321794772,Math
9780716799481,Math
9780387983226,Math
9780387954486,Math
9780521795401,Math
9780198534464,Math
9780486646862,Math
9780486663524,Math
9780471433347,Math
9780470458327,Math
9780387979748,Math
9780201763904,Math
9780131816299,Math
9780821847411,Math
9781441904577,Math
9781133103714,Math
9780073383170,Math
9780470054567,Math
9780387982588,Math
9780980232776,Math
9780980232790,Math
9780130084514,Math
9781493927111,Math
9780471384786,MechE
9780471771715,MechE
9780470413036,MechE
9781118881279,MechE
9781118170519,MechE
9781118807330,MechE
9781118885840,MechE
9780133915389,MechE
9781118393635,MechE
9780133918922,MechE
9780134319650,MechE
9780300115468,Philosophy-PL
9780671867805,Philosophy-PL
9780061575594,Philosophy-PL
9780872206335,Philosophy-PL
9780872204201,Philosophy-PL
9780394704371,Philosophy-PL
9780226458120,Philosophy-PL
9781936594269,Philosophy-PL
9780679724650,Philosophy-PL
9780394719856,Philosophy-PL
9780140441185,Philosophy-PL
9780393314038,Philosophy-PL
9780140435719,Philosophy-PL
9780312694401,Philosophy-PL
9780872202290,Philosophy-PL
9780231066594,Philosophy-PL
9780394713403,Philosophy-PL
9780415095266,Philosophy-PL
9780486404455,Philosophy-PL
9781405159289,Philosophy-PL
9780061316869,Philosophy-PL
9780075536093,Philosophy-PL
9780674739512,Philosophy-PL
9780674665637,Philosophy-PL
9780674326361,Philosophy-PL
9780631128014,Philosophy-PL
9781614275251,Philosophy-PL
9780674954014,Philosophy-PL
9780385095402,Philosophy-PL
9780385096225,Philosophy-PL
9780140447477,Philosophy-PL
9781511985208,Philosophy-PL
9780198245971,Philosophy-PL
9780521720564,Philosophy-SL
9780521366946,Philosophy-SL
9780521600538,Philosophy-SL
9780521388122,Philosophy-SL
9780521732789,Philosophy-SL
9780521465915,Philosophy-SL
9780521367677,Philosophy-SL
9780521529952,Philosophy-SL
9780521367684,Philosophy-SL
9780521539388,Philosophy-SL
9780300094879,Philosophy-SL
9781138687325,Philosophy-Topics
9781107692534,Philosophy-Topics
9781138928749,Philosophy-Topics
9780195331356,Philosophy-Topics
9780415782951,Philosophy-Topics
9780415889728,Philosophy-Topics
9780415711234,Philosophy-Topics
9780415644587,Philosophy-Topics
9781138776180,Philosophy-Topics
9780521171748,Philosophy-Topics
9780521648400,Philosophy-Topics
9780415957526,Philosophy-Topics
9780199795154,Philosophy-Topics
9780415532839,Philosophy-Topics
9780745672267,Philosophy-Topics
9780198748113,Philosophy-Topics
9780415695657,Philosophy-Topics
9780415506755,Philosophy-Topics
9780199730070,Philosophy-Topics
9780205212149,Philosophy-Topics
9780199691340,Philosophy-Topics
9780192801807,Philosophy-Topics
9780199685356,Philosophy-Topics
9780199226085,Philosophy-Topics
9780415782876,Philosophy-Topics
9781138841659,Philosophy-Topics
9780415529693,Philosophy-Topics
9780415996877,Philosophy-Topics
9780415963701,Philosophy-Topics
9780415891752,Philosophy-Topics
9780415881173,Philosophy-Topics
9781138064874,Philosophy-Topics
9781107614444,Philosophy-Topics
9780745652559,Philosophy-Topics
9780199546008,Philosophy-Topics
9781441182890,Philosophy-Topics
9780195325911,Philosophy-Topics
9780195399691,Philosophy-Topics
9780199284221,Philosophy-Topics
9780199679553,Philosophy-Topics
9780199684434,Philosophy-Topics
9780199662678,Philosophy-Topics
9780199642588,Philosophy-Topics
9780199596317,Philosophy-Topics
9780199552238,Philosophy-Topics
9781405112291,Philosophy-Topics
9780813349343,Philosophy-Topics
9780415493963,Philosophy-Topics
9780415962193,Philosophy-Topics
9780415518758,Philosophy-Topics
9781138858510,Philosophy-Topics
9781138789555,Philosophy-Topics
9780415714532,Philosophy-Topics
9781138812208,Philosophy-Topics
9781138855441,Philosophy-Topics
9781138796935,Philosophy-Topics
9781138909366,Philosophy-Topics
9781138828254,Philosophy-Topics
9780745646596,Philosophy-Topics
9781138822887,Philosophy-Topics
9780415894425,Philosophy-Topics
9780415537148,Philosophy-Topics
9780199653850,Philosophy-Topics
9780415996860,Philosophy-Topics
9781138639331,Philosophy-Topics
9780415803885,Philosophy-Topics
9780415879231,Philosophy-Topics
9780393919035,Philosophy-Topics
9780415891776,Philosophy-Topics
9780521895606,Philosophy-Topics
9781107404588,Physics
9780521817479,Physics
9780521194013,Physics
9780521760829,Physics
9780521528955,Physics
9780521136365,Physics
9780521136594,Physics
9780521860451,Physics
9780521897303,Physics
9780521467025,Physics
9781107009790,Physics
9780521842235,Physics
9781107022461,Physics
9781107424586,Physics
9781107034297,Physics
9781107069626,Physics
9781107097483,Physics
9781107080089,Physics
9781107053816,Physics
9780521860697,Physics
9781107010345,Physics
9781107405332,Physics
9780521514682,Physics
9780521764445,Physics
9780521039055,Physics
9781498773119,Physics
9780198788409,Physics
9783319309385,Physics
9783319338514,Physics
9781107165083,Physics
9780521554336,Physics
9781107129764,Physics
9781316612835,Physics
9781107026254,Physics
9780805387322,Physics
9780716703440,Physics
9780521592109,Physics
9780691159027,Physics
9780198802877,Physics
9783319646107,Physics
9781107154834,Physics
9780691167596,Physics
9781107189614,Physics
9780521197021,Physics
9780674843929,Physics
9789810241056,Physics
9780691028934,Physics
9780521876223,Physics
9780691137131,Physics
9780471496847,Physics
9783319105383,Physics
9780226502458,Physics
9780199590759,Physics
9780198519614,Physics
9781107034266,Physics
9780521575072,Physics
9780679776314,Physics
9780521864497,Physics
9780521715966,Physics
9780691164793,Physics
9780738203010,Physics
9780201069037,Physics
9780198501763,Physics
9783540485346,Physics
9789814383417,Physics
9780524235959,Physics
9781107111660,Physics
9780471925675,Physics
9780198526827,Physics
9780226870335,Physics
9780691162690,Physics
9781108422413,Physics
9780306447907,Physics
9780123821881,Physics
9780486477220,Physics
9780471309321,Physics
9780486661018,Physics
9780486417134,Physics
9780198520115,Physics
9780201407747,Physics
9780201328240,Physics
9780486428277,Physics
9780521769754,Physics
9781107034730,Physics
9780306463389,Physics
9780123850300,Physics
9780201657029,Physics
9780486458915,Physics
9780486458830,Physics
9780521896979,Physics
9780321856562,Physics
9780486601137,Physics
9780691164090,Physics
9780521887052,Physics
9781107014022,Physics
9781891389221,Physics
9780521873413,Physics
9780471569527,Physics
9781891389788,Physics
9780321765796,Physics
9780521873420,Physics
9780691140162,Physics
9780465040858,Physics
9780465040841,Physics
9780465040834,Physics
9780691130187,Physics
9780691145587,Physics
9780691122304,Physics
9780691131160,Physics
9780691125053,Physics
9780691145297,Physics
9780521550024,Physics
9780521660006,Physics
9780521670531,Physics
9780199680771,Physics
9781605352114
9781305253377
9780143114956
9780393936933
9781319014223
9780470226285
9781305088702
9780878935987
9780393913484
9781464105937
9781107653351
9780199976171
9780521012973
9781848728943
