9780199861224,ECE
9780471226932,ECE
9781891121807,ECE
9780470881323,ECE
9780470770108,ECE
9780130909961,ECE
9780470631553,ECE
9780470542958,ECE
9780521874144,ECE
9780072957167,ECE
9780134407623,ECE
9780138147570,ECE
9781466503038,ECE
9780133356038,ECE
9780199339136,ECE
9780133356816,ECE
9780750682763,ECE
9780073529592,ECE
9780131873742,ECE
9781118296127,ECE
9780792372707,ECE
9780125250962,ECE
9780471358329,ECE
9780486659572,ECE
9781118642061,ECE
9780123797513,ECE
9780133760637,ECE
9780078028229,ECE
9781558603431,ECE
9781478607830,ECE
9780123838728,ECE
9780124077263,ECE
9780195154559,ECE
9780521889957,ECE
9780471755005,ECE
9780521845274,ECE
9780130673893,ECE
9780123694706,ECE
9780470589489,ECE
9780521484916,ECE
9780133489798,ECE
9780071475457,ECE
9780136085928,ECE
9780073380650,ECE
9780131988422,ECE
9780136919902,ECE
9780935702118,ECE
9780521424264,ECE
9780123943910,ECE
9781558607354,ECE
9781860943492,ECE
9781891121524,ECE
9780132543354,ECE
