9780198763536,Law
9780674000780,Law
9780415878180,Law
9780804701549,Law
9781133942962,Law
9780195155129,Law
9780133591316,Law
9780199270972,Law
9781611637212,Law
9780769896250,Law
9781634604871,Law
9781454850052,Law
9780314927002,Law
9781634599320,Law
9781454833901,Law
9781422498606,Law
9781454868439,Law
9780314279965,Law
9781454833949,Law
9780314163417,Law
9780314278340,Law
9781454850151,Law
9781454804024,Law
9781454815556,Law
9780769864228,Law
9781628105490,Law
9780314278333,Law
9781454850045,Law
9781454816102,Law
9780314195401,Law
9781422490853,Law
9781454850168,Law
9781454809272,Law
9780314904577,Law
9781454837992,Law
9780314257239,Law
9781454833956,Law
9781628103557,Law
9781454850106,Law
9780769865102,Law
9780769857718,Law
9780314194961,Law
9781454815532,Law
9781609303303,Law
9781630431495,Law
9781634599146,Law
9781454815471,Law
9781454849476,Law
9781634596237,Law
9781454815488,Law
9780314285881,Law
9780769881904,Law
9781632828583,Law
9781634600170,Law
9781454864226,Law
9781454863922,Law
9781632838643,Law
9781454850069,Law
9781634599207,Law
9780769865102,Law
9781422498736,Law
9781454850113,Law
9781628105513,Law
9780769881904,Law
9780374532505,Law
