9780316769488,Literature
9780451163967,Literature
9780679720201,Literature
9780679733737,Literature
9780060850524,Literature
9781451673319,Literature
9780156767507,Literature
9780451524935,Literature
9780451228147,Literature
9781522744603,Literature
9780679734512,Literature
9780374528379,Literature
9780141439518,Literature
9780140449266,Literature
9780140448955,Literature
9780140448962,Literature
9780140448979,Literature
9780142437230,Literature
9781640320352,Literature
9781580496728,Literature
9780375702242,Literature
9780140275360,Literature
9780140268867,Literature
9780141439495,Literature
9781451635621,Literature
9780199535729,Literature
9781463520717,Literature
9780812416961,Literature
9780060935474,Literature
9781461120407,Literature
9780451156600,Literature
9780451526342,Literature
9780140444254,Literature
