9780201658590,Math
9780123846549,Math
9780195300574,Math
9780486682105,Math
9780486240619,Math
9780471241959,Math
9780252725463,Math
9781118554937,Math
9781439840955,Math
9780486462707,Math
9780252725487,Math
9780486604343,Math
9780521010849,Math
9780813349107,Math
9781305253667,Math
9780471433316,Math
9780321794772,Math
9780716799481,Math
9780387983226,Math
9780387954486,Math
9780521795401,Math
9780198534464,Math
9780486646862,Math
9780486663524,Math
9780471433347,Math
9780470458327,Math
9780387979748,Math
9780201763904,Math
9780131816299,Math
9780821847411,Math
9781441904577,Math
9781133103714,Math
9780073383170,Math
9780470054567,Math
9780387982588,Math
9780980232776,Math
9780980232790,Math
9780130084514,Math
9781493927111,Math
