9780300115468,Philosophy-PL
9780671867805,Philosophy-PL
9780061575594,Philosophy-PL
9780872206335,Philosophy-PL
9780872204201,Philosophy-PL
9780394704371,Philosophy-PL
9780226458120,Philosophy-PL
9781936594269,Philosophy-PL
9780679724650,Philosophy-PL
9780394719856,Philosophy-PL
9780140441185,Philosophy-PL
9780393314038,Philosophy-PL
9780140435719,Philosophy-PL
9780312694401,Philosophy-PL
9780872202290,Philosophy-PL
9780231066594,Philosophy-PL
9780394713403,Philosophy-PL
9780415095266,Philosophy-PL
9780486404455,Philosophy-PL
9781405159289,Philosophy-PL
9780061316869,Philosophy-PL
9780075536093,Philosophy-PL
9780674739512,Philosophy-PL
9780674665637,Philosophy-PL
9780674326361,Philosophy-PL
9780631128014,Philosophy-PL
9781614275251,Philosophy-PL
9780674954014,Philosophy-PL
9780385095402,Philosophy-PL
9780385096225,Philosophy-PL
9780140447477,Philosophy-PL
9781511985208,Philosophy-PL
9780198245971,Philosophy-PL
