9781107404588,Physics
9780521817479,Physics
9780521194013,Physics
9780521760829,Physics
9780521528955,Physics
9780521136365,Physics
9780521136594,Physics
9780521860451,Physics
9780521897303,Physics
9780521467025,Physics
9781107009790,Physics
9780521842235,Physics
9781107022461,Physics
9781107424586,Physics
9781107034297,Physics
9781107069626,Physics
9781107097483,Physics
9781107080089,Physics
9781107053816,Physics
9780521860697,Physics
9781107010345,Physics
9781107405332,Physics
9780521514682,Physics
9780521764445,Physics
9780521039055,Physics
9781498773119,Physics
9780198788409,Physics
9783319309385,Physics
9783319338514,Physics
9781107165083,Physics
9780521554336,Physics
9781107129764,Physics
9781316612835,Physics
9781107026254,Physics
9780805387322,Physics
9780716703440,Physics
9780521592109,Physics
9780691159027,Physics
9780198802877,Physics
9783319646107,Physics
9781107154834,Physics
9780691167596,Physics
9781107189614,Physics
9780521197021,Physics
9780674843929,Physics
9789810241056,Physics
9780691028934,Physics
9780521876223,Physics
9780691137131,Physics
9780471496847,Physics
9783319105383,Physics
9780226502458,Physics
9780199590759,Physics
9780198519614,Physics
9781107034266,Physics
9780521575072,Physics
9780679776314,Physics
9780521864497,Physics
9780521715966,Physics
9780691164793,Physics
9780738203010,Physics
9780201069037,Physics
9780198501763,Physics
9783540485346,Physics
9789814383417,Physics
9780524235959,Physics
9781107111660,Physics
9780471925675,Physics
9780198526827,Physics
9780226870335,Physics
9780691162690,Physics
9781108422413,Physics
9780306447907,Physics
9780123821881,Physics
9780486477220,Physics
9780471309321,Physics
9780486661018,Physics
9780486417134,Physics
9780198520115,Physics
9780201407747,Physics
9780201328240,Physics
9780486428277,Physics
9780521769754,Physics
9781107034730,Physics
9780306463389,Physics
9780123850300,Physics
9780201657029,Physics
9780486458915,Physics
9780486458830,Physics
9780521896979,Physics
9780321856562,Physics
9780486601137,Physics
9780691164090,Physics
9780521887052,Physics
9781107014022,Physics
9781891389221,Physics
9780521873413,Physics
9780471569527,Physics
9781891389788,Physics
9780321765796,Physics
9780521873420,Physics
9780691140162,Physics
9780465040858,Physics
9780465040841,Physics
9780465040834,Physics
9780691130187,Physics
9780691145587,Physics
9780691122304,Physics
9780691131160,Physics
9780691125053,Physics
9780691145297,Physics
9780521550024,Physics
9780521660006,Physics
9780521670531,Physics
9780199680771,Physics
