9781605352114,Psychology
9781305253377,Psychology
9780143114956,Psychology
9780393936933,Psychology
9781319014223,Psychology
9780470226285,Psychology
9781305088702,Psychology
9780878935987,Psychology
9780393913484,Psychology
9781464105937,Psychology
9781107653351,Psychology
9780199976171,Psychology
9780521012973,Psychology
9781848728943,Psychology
9780807029152,Psychology
9780156612067,Psychology
9780061253713,Psychology
9780061253720,Psychology
9780061253737,Psychology
9781593852528,Psychology
9781285740225,Psychology
9781464106019,Psychology
9781111841096,Psychology
9781612058146,Psychology
9781107089778,Psychology
9780199586967,Psychology
9780521542234,Psychology
9780199566013,Psychology
9781848725171,Psychology
9780415876773,Psychology
9781627797177,Psychology
9780307455772,Psychology
9780465020485,Psychology
9781433806827,Psychology
9781138930605,Psychology
9781138820791,Psychology
9780199760107,Psychology
9781848726727,Psychology
9780393600421,Psychology
9780393934366,Psychology
9780684824291,Psychology
